Flight No.,Date and time ( UTC ),"Version, booster",Launch site,Payload,Payload mass,Orbit,Customer,Launch outcome,Booster landing,Version Booster,Date,Time
418,2025-01-04 01:27:00,F9 -B5 B1073-20,"Cape Canaveral, SLC‑40",Thuraya 4-NGS,"5,000 kg",GTO,Thuraya,Success,Success (ASOG),F9 -B5 B1073-20,2025-01-04,01:27:00
419,2025-01-06 20:43:00,F9 -B5 B1077-17,"Cape Canaveral, SLC‑40",Starlink: Group 6‑71,"~17,500 kg",LEO,SpaceX,Success,Success (JRTI),F9 -B5 B1077-17,2025-01-06,20:43:00
420,2025-01-08 15:27:00,F9 -B5 B1086-3,"Kennedy, LC‑39A",Starlink: Group 12-11 (21 satellites),"~16,500 kg",LEO,SpaceX,Success,Success (ASOG),F9 -B5 B1086-3,2025-01-08,15:27:00
421,2025-01-10 03:53:00,F9 -B5 B1071-22,"Vandenberg, SLC‑4E",NROL-153 (22 Starshield satellites)[34],U,LEO,NRO,Success,Success (OCISLY),F9 -B5 B1071-22,2025-01-10,03:53:00
422,2025-01-10 19:11:00,F9 -B5 B1067-25,"Cape Canaveral, SLC‑40",Starlink: Group 12-12 (21 satellites),"~16,500 kg",LEO,SpaceX,Success,Success (JRTI),F9 -B5 B1067-25,2025-01-10,19:11:00
423,2025-01-13 16:47:00,F9 -B5 B1080-15,"Cape Canaveral, SLC‑40",Starlink: Group 12-4 (21 satellites),"~16,500 kg",LEO,SpaceX,Success,Success (ASOG),F9 -B5 B1080-15,2025-01-13,16:47:00
424,2025-01-14 19:09:00,F9 -B5 B1088-2,"Vandenberg, SLC‑4E",Transporter-12 (131 payload smallsat rideshare),"2,000 kg",SSO,Various,Success,Success (LZ‑4),F9 -B5 B1088-2,2025-01-14,19:09:00
425,2025-01-15 06:11:00,F9 -B5 B1085-5,"Kennedy, LC‑39A",Blue Ghost Mission 1,"2,517 kg",TLI,Firefly Aerospace & NASA (CLPS),Success,Success (JRTI),F9 -B5 B1085-5,2025-01-15,06:11:00
426,2025-01-21 05:24:00,F9 -B5 B1083-8,"Kennedy, LC‑39A",Starlink: Group 13-1 (21 satellites) + 2 Starshield satellites,"~15,300 kg",LEO,SpaceX,Success,Success (ASOG),F9 -B5 B1083-8,2025-01-21,05:24:00
427,2025-01-21 15:45:00,F9 -B5 B1082-10,"Vandenberg, SLC‑4E",Starlink: Group 11-8 (27 satellites),"~15,500 kg",LEO,SpaceX,Success,Success (OCISLY),F9 -B5 B1082-10,2025-01-21,15:45:00
428,2025-01-24 14:07:00,F9 -B5 B1063-23,"Vandenberg, SLC‑4E",Starlink: Group 11-6 (23 satellites),"~17,100 kg",LEO,SpaceX,Success,Success (OCISLY),F9 -B5 B1063-23,2025-01-24,14:07:00
429,2025-01-27 22:05:00,F9 -B5 B1076-20,"Cape Canaveral, SLC‑40",Starlink: Group 12-7 (21 satellites),"~16,500 kg",LEO,SpaceX,Success,Success (ASOG),F9 -B5 B1076-20,2025-01-27,22:05:00
430,2025-01-30 01:34:00,F9 -B5 B1073-21,"Kennedy, LC‑39A",Spainsat NG I,"6,100 kg",GTO,Hisdesat,Success,No attempt,F9 -B5 B1073-21,2025-01-30,01:34:00
431,2025-02-01 23:02:00,F9 -B5 B1075-17,"Vandenberg, SLC-4E",Starlink: Group 11-4,"~16,700 kg",LEO,SpaceX,Success,Success (OCISLY),F9 -B5 B1075-17,2025-02-01,23:02:00
432,2025-02-04 10:15:00,F9 -B5 B1069-21,"Cape Canaveral, SLC‑40",Starlink: Group 12-3 (21 satellites),"~16,500 kg",LEO,SpaceX,Success,Success (JRTI),F9 -B5 B1069-21,2025-02-04,10:15:00
433,2025-02-04 23:13:00,F9 -B5 B1086-4,"Kennedy, LC‑39A",WorldView Legion 5 & 6 (2 satellites),"1,500 kg",LEO,Maxar Technologies,Success,Success (LZ‑1),F9 -B5 B1086-4,2025-02-04,23:13:00
434,2025-02-08 19:18:00,F9 -B5 B1078-17,"Cape Canaveral, SLC‑40",Starlink: Group 12-9 (21 satellites),"~16,500 kg",LEO,SpaceX,Success,Success (ASOG),F9 -B5 B1078-17,2025-02-08,19:18:00
435,2025-02-11 02:09:00,F9 -B5 B1071-23,"Vandenberg, SLC-4E",Starlink: Group 11-10,"~17,100 kg",LEO,SpaceX,Success,Success (OCISLY),F9 -B5 B1071-23,2025-02-11,02:09:00
436,2025-02-11 18:53:00,F9 -B5 B1077-18,"Cape Canaveral, SLC‑40",Starlink: Group 12-18 (21 satellites),"~16,500 kg",LEO,SpaceX,Success,Success (JRTI),F9 -B5 B1077-18,2025-02-11,18:53:00
437,2025-02-15 06:14:00,F9 -B5   B1067-26,"Cape Canaveral, SLC‑40",Starlink: Group 12-8,"~16,500 kg",LEO,SpaceX,Success,Success (ASOG),F9 -B5   B1067-26,2025-02-15,06:14:00
438,2025-02-18 23:21:00,F9 -B5 B1080-16,"Cape Canaveral, SLC‑40",Starlink: Group 10-12 (23 satellites),"~17,100 kg",LEO,SpaceX,Success,Success (JRTI),F9 -B5 B1080-16,2025-02-18,23:21:00
439,2025-02-21 15:19:00,F9 -B5 B1076-21,"Cape Canaveral, SLC‑40",Starlink: Group 12-14 (23 satellites),"~17,100 kg",LEO,SpaceX,Success,Success (ASOG),F9 -B5 B1076-21,2025-02-21,15:19:00
440,2025-02-23 01:38:00,F9 -B5 B1082-11,"Vandenberg, SLC‑4E",Starlink: Group 15-1 (22 satellites),"~16,800 kg",LEO,SpaceX,Success,Success (OCISLY),F9 -B5 B1082-11,2025-02-23,01:38:00
441,2025-02-27 00:16:00,F9 -B5 B1083-9,"Kennedy, LC‑39A[66]","IM-2 Nova-C ""Athena"" lunar landerLunar TrailblazerBrokkr-2 Odin[67]Chimera-1TBD",U,TLI,NASA (CLPS)Intuitive MachinesAstroForgeEpic AerospaceTBD,Success,Success (ASOG),F9 -B5 B1083-9,2025-02-27,00:16:00
442,2025-02-27 03:34:00,F9 -B5 B1092-1 [ 70 ],"Cape Canaveral, SLC‑40",Starlink: Group 12-13 (21 satellites),"~16,500 kg",LEO,SpaceX,Success,Success (JRTI),F9 -B5 B1092-1 [ 70 ],2025-02-27,03:34:00
443,2025-03-03 02:24:00,F9 -B5 B1086-5,"Cape Canaveral, SLC‑40",Starlink: Group 12-20 (21 satellites),"~16,500 kg",LEO,SpaceX,Success,Failure (JRTI),F9 -B5 B1086-5,2025-03-03,02:24:00
444,2025-03-12 03:10:00,F9 -B5 B1088-3,"Vandenberg, SLC‑4E",SPHERExPUNCH[76],758 kg,SSO,NASA,Success,Success (LZ‑4),F9 -B5 B1088-3,2025-03-12,03:10:00
445,2025-03-13 02:35:00,F9 -B5 B1069-22,"Cape Canaveral, SLC‑40",Starlink: Group 12-21,"~16,500 kg",LEO,SpaceX,Success,Success (ASOG),F9 -B5 B1069-22,2025-03-13,02:35:00
446,2025-03-14 23:03:00,F9 -B5 B1090-2,"Kennedy, LC‑39A",Crew-10 (Crew Dragon C210-4 Endurance),"~13,000 kg",LEO (ISS),NASA (CCP),Success,Success (LZ‑1),F9 -B5 B1090-2,2025-03-14,23:03:00
447,2025-03-15 06:43:00,F9 -B5 B1081-13,"Vandenberg, SLC‑4E",Transporter-13 (74 payload smallsat rideshare)[80],U,SSO,Various,Success,Success (LZ‑4),F9 -B5 B1081-13,2025-03-15,06:43:00
448,2025-03-15 11:35:00,F9 -B5 B1078-18,"Cape Canaveral, SLC‑40",Starlink: Group 12-16,"~17,100 kg",LEO,SpaceX,Success,Success (JRTI),F9 -B5 B1078-18,2025-03-15,11:35:00
449,2025-03-18 19:57:00,F9 -B5 B1077-19,"Cape Canaveral, SLC‑40",Starlink: Group 12-25,"~17,100 kg",LEO,SpaceX,Success,Success (ASOG),F9 -B5 B1077-19,2025-03-18,19:57:00
450,2025-03-21 06:49:00,F9 -B5 B1088-4,"Vandenberg, SLC‑4E",NROL-57 (~11 Starshield satellites),U,LEO,NRO,Success,Success (LZ‑4),F9 -B5 B1088-4,2025-03-21,06:49:00
451,2025-03-24 17:48:00,F9 -B5 B1092-2,"Cape Canaveral, SLC‑40",NROL-69,U,LEO,USSF,Success,Success (LZ‑1),F9 -B5 B1092-2,2025-03-24,17:48:00
452,2025-03-26 22:11:00,F9 -B5 B1063-24,"Vandenberg, SLC‑4E",Starlink: Group 11-7,"~15,500 kg",LEO,SpaceX,Success,Success (OCISLY),F9 -B5 B1063-24,2025-03-26,22:11:00
453,2025-03-31 19:52:00,F9 -B5 B1080-17,"Cape Canaveral, SLC‑40",Starlink: Group 6-80,"~16,100 kg",LEO,SpaceX,Success,Success (JRTI),F9 -B5 B1080-17,2025-03-31,19:52:00
454,2025-04-01 01:46:00,F9 -B5 B1085-6,"Kennedy, LC‑39A",Fram2 (Crew Dragon C207-4 Resilience),"~13,000 kg",Polar (Retrograde),Chun Wang,Success,Success (ASOG),F9 -B5 B1085-6,2025-04-01,01:46:00
455,2025-04-04 01:02:00,F9 -B5 B1088-5,"Vandenberg, SLC‑4E",Starlink: Group 11-13,"~15,500 kg",LEO,SpaceX,Success,Success (OCISLY),F9 -B5 B1088-5,2025-04-04,01:02:00
456,2025-04-06 03:07:00,F9 -B5 B1078-19,"Cape Canaveral, SLC‑40",Starlink: Group 6-72,"~16,100 kg",LEO,SpaceX,Success,Success (JRTI),F9 -B5 B1078-19,2025-04-06,03:07:00
457,2025-04-07 23:06:00,F9 -B5 B1093-1,"Vandenberg, SLC‑4E",Starlink: Group 11-11,"~15,500 kg",LEO,SpaceX,Success,Success (OCISLY),F9 -B5 B1093-1,2025-04-07,23:06:00
458,2025-04-12 12:25:00,F9 -B5 B1071-24,"Vandenberg, SLC‑4E",NROL-192 (22 Starshield satellites),U,LEO,NRO,Success,Success (OCISLY),F9 -B5 B1071-24,2025-04-12,12:25:00
459,2025-04-13 00:53:00,F9 -B5 B1083-10,"Kennedy, LC‑39A",Starlink: Group 12-17,"~16,500 kg",LEO,SpaceX,Success,Success (ASOG),F9 -B5 B1083-10,2025-04-13,00:53:00
460,2025-04-14 04:00:00,F9 -B5 B1067-27,"Cape Canaveral, SLC‑40",Starlink: Group 6-73,"~15,500 kg",LEO,SpaceX,Success,Success (JRTI),F9 -B5 B1067-27,2025-04-14,04:00:00
461,2025-04-20 12:29:00,F9 -B5 B1082-12,"Vandenberg, SLC‑4E",NROL-145 (22 Starshield satellites),U,LEO,NRO,Success,Success (OCISLY),F9 -B5 B1082-12,2025-04-20,12:29:00
462,2025-04-21 08:15:00,F9 -B5   B1092-3,"Kennedy, LC‑39A",SpaceX CRS-32 (Cargo Dragon C209-5),"3,021 kg",LEO (ISS),NASA (CRS),Success,Success (LZ‑1),F9 -B5   B1092-3,2025-04-21,08:15:00
463,2025-04-22 00:48:00,F9 -B5 B1090-3,"Cape Canaveral, SLC‑40","Bandwagon-3 (425Sat-3,[101] Tomorrow-S7, PHOENIX)",U,LEO,Republic of Korea Armed ForcesTomorrow.ioAtmos Space Cargo,Success,Success (LZ‑2),F9 -B5 B1090-3,2025-04-22,00:48:00
464,2025-04-25 01:52:00,F9 -B5 B1069-23,"Cape Canaveral, SLC‑40",Starlink: Group 6-74,"~16,100 kg",LEO,SpaceX,Success,Success (ASOG),F9 -B5 B1069-23,2025-04-25,01:52:00
465,2025-04-28 02:09:00,F9 -B5 B1077-20,"Cape Canaveral, SLC‑40",Starlink: Group 12-23,"~17,100 kg",LEO,SpaceX,Success,Success (JRTI),F9 -B5 B1077-20,2025-04-28,02:09:00
466,2025-04-28 20:42:00,F9 -B5 B1063-25,"Vandenberg, SLC‑4E",Starlink: Group 11-9,"~15,500 kg",LEO,SpaceX,Success,Success (OCISLY),F9 -B5 B1063-25,2025-04-28,20:42:00
467,2025-04-29 02:34:00,F9 -B5 B1094-1,"Kennedy, LC‑39A",Starlink: Group 12-10,"~17,100 kg",LEO,SpaceX,Success,Success (ASOG),F9 -B5 B1094-1,2025-04-29,02:34:00
468,2025-05-02 01:51:00,F9 -B5 B1080-18,"Cape Canaveral, SLC‑40",Starlink: Group 6-75,"~16,100 kg",LEO,SpaceX,Success,Success (JRTI),F9 -B5 B1080-18,2025-05-02,01:51:00
469,2025-05-04 08:54:00,F9 -B5 B1078-20,"Kennedy, LC‑39A",Starlink: Group 6-84,"~16,675 kg",LEO,SpaceX,Success,Success (ASOG),F9 -B5 B1078-20,2025-05-04,08:54:00
470,2025-05-07 01:17:00,F9 -B5 B1085-7,"Cape Canaveral, SLC‑40",Starlink: Group 6-93,"~16,100 kg",LEO,SpaceX,Success,Success (JRTI),F9 -B5 B1085-7,2025-05-07,01:17:00
471,2025-05-10 00:19:00,F9 -B5 B1081-14,"Vandenberg, SLC‑4E",Starlink: Group 15-3,"~14,950 kg",LEO,SpaceX,Success,Success (OCISLY),F9 -B5 B1081-14,2025-05-10,00:19:00
472,2025-05-10 06:28:00,F9 -B5 B1083-11,"Cape Canaveral, SLC‑40",Starlink: Group 6-91,"~16,100 kg",LEO,SpaceX,Success,Success (ASOG),F9 -B5 B1083-11,2025-05-10,06:28:00
473,2025-05-13 01:15:00,F9 -B5 B1088-6,"Vandenberg, SLC‑4E",Starlink: Group 15-4,"~14,950 kg",LEO,SpaceX,Success,Success (OCISLY),F9 -B5 B1088-6,2025-05-13,01:15:00
474,2025-05-13 05:02:00,F9 -B5 B1067-28,"Kennedy, LC‑39A",Starlink: Group 6-83,"~16,100 kg",LEO,SpaceX,Success,Success (JRTI),F9 -B5 B1067-28,2025-05-13,05:02:00
475,2025-05-14 16:38:00,F9 -B5 B1090-4,"Cape Canaveral, SLC‑40",Starlink: Group 6-67,"~16,100 kg",LEO,SpaceX,Success,Success (ASOG),F9 -B5 B1090-4,2025-05-14,16:38:00
476,2025-05-16 13:43:00,F9 -B5 B1093-2,"Vandenberg, SLC‑4E",Starlink: Group 15-5,"~14,950 kg",LEO,SpaceX,Success,Success (OCISLY),F9 -B5 B1093-2,2025-05-16,13:43:00
477,2025-05-21 03:19:00,F9 -B5 B1095-1,"Cape Canaveral, SLC‑40",Starlink: Group 12-15,"~17,100 kg",LEO,SpaceX,Success,Success (JRTI),F9 -B5 B1095-1,2025-05-21,03:19:00
478,2025-05-23 22:32:00,F9 -B5 B1075-18,"Vandenberg, SLC‑4E",Starlink: Group 11-16,"~15,500 kg",LEO,SpaceX,Success,Success (OCISLY),F9 -B5 B1075-18,2025-05-23,22:32:00
479,2025-05-24 17:19:00,F9 -B5 B1069-24,"Cape Canaveral, SLC‑40",Starlink: Group 12-22,"~17,100 kg",LEO,SpaceX,Success,Success (ASOG),F9 -B5 B1069-24,2025-05-24,17:19:00
480,2025-05-27 16:57:00,F9 -B5 B1082-13,"Vandenberg, SLC‑4E",Starlink: Group 17-1,"~17,500 kg",SSO,SpaceX,Success,Success (OCISLY),F9 -B5 B1082-13,2025-05-27,16:57:00
481,2025-05-28 13:30:00,F9 -B5 B1080-19,"Kennedy, LC‑39A",Starlink: Group 10-32,"~15,500 kg",LEO,SpaceX,Success,Success (JRTI),F9 -B5 B1080-19,2025-05-28,13:30:00
482,2025-05-30 17:37:00,F9 -B5 B1092-4,"Cape Canaveral, SLC‑40",GPS III-8,"4,350 kg",MEO,USSF,Success,Success (ASOG),F9 -B5 B1092-4,2025-05-30,17:37:00
483,2025-05-31 20:10:00,F9 -B5 B1071-25,"Vandenberg, SLC‑4E",Starlink: Group 11-18,"~15,500 kg",LEO,SpaceX,Success,Success (OCISLY),F9 -B5 B1071-25,2025-05-31,20:10:00
484,2025-06-03 04:43:00,F9 -B5 B1077-21,"Cape Canaveral, SLC‑40",Starlink: Group 12-19,"~17,100 kg",LEO,SpaceX,Success,Success (JRTI),F9 -B5 B1077-21,2025-06-03,04:43:00
485,2025-06-04 23:40:00,F9 -B5 B1063-26,"Vandenberg, SLC‑4E",Starlink: Group 11-22,"~15,500 kg",LEO,SpaceX,Success,Success (OCISLY),F9 -B5 B1063-26,2025-06-04,23:40:00
486,2025-06-07 04:54:00,F9 -B5 B1085-8,"Cape Canaveral, SLC‑40",SXM-10,"6,400 kg",GTO,SiriusXM,Success,Success (ASOG),F9 -B5 B1085-8,2025-06-07,04:54:00
487,2025-06-08 14:20:00,F9 -B5 B1088-7,"Vandenberg, SLC‑4E",Starlink: Group 15-8,"~14,950 kg",LEO,SpaceX,Success,Success (OCISLY),F9 -B5 B1088-7,2025-06-08,14:20:00
488,2025-06-10 13:05:00,F9 -B5 B1083-12,"Cape Canaveral, SLC‑40",Starlink: Group 12-24,"~17,100 kg",LEO,SpaceX,Success,Success (JRTI),F9 -B5 B1083-12,2025-06-10,13:05:00
489,2025-06-13 01:54:00,F9 -B5 B1081-15,"Vandenberg, SLC‑4E",Starlink: Group 15-6,"~14,950 kg",LEO,SpaceX,Success,Success (OCISLY),F9 -B5 B1081-15,2025-06-13,01:54:00
490,2025-06-13 15:29:00,F9 -B5 B1078-21,"Cape Canaveral, SLC‑40",Starlink: Group 12-26,"~17,100 kg",LEO,SpaceX,Success,Success (ASOG),F9 -B5 B1078-21,2025-06-13,15:29:00
491,2025-06-17 03:36:00,F9 -B5 B1093-3,"Vandenberg, SLC‑4E",Starlink: Group 15-9,"~14,950 kg",LEO,SpaceX,Success,Success (OCISLY),F9 -B5 B1093-3,2025-06-17,03:36:00
492,2025-06-18 05:55:00,F9 -B5 B1090-5,"Cape Canaveral, SLC‑40",Starlink: Group 10-18,"~16,100 kg",LEO,SpaceX,Success,Success (JRTI),F9 -B5 B1090-5,2025-06-18,05:55:00
493,2025-06-23 05:58:00,F9 -B5 B1069-25,"Cape Canaveral, SLC‑40",Starlink: Group 10-23,"~15,500 kg",LEO,SpaceX,Success,Success (ASOG),F9 -B5 B1069-25,2025-06-23,05:58:00
494,2025-06-23 21:25:00,F9 -B5 B1071-26,"Vandenberg, SLC‑4E",Transporter-14 (70 payloads smallsat rideshare)[80],U,SSO,Various,Success,Success (OCISLY),F9 -B5 B1071-26,2025-06-23,21:25:00
495,2025-06-25 06:31:00,F9 -B5 B1094-2,"Kennedy, LC‑39A",Axiom Mission 4 (Crew Dragon C213-1 Grace),"~13,000 kg",LEO (ISS),Axiom Space,Success,Success (LZ‑1),F9 -B5 B1094-2,2025-06-25,06:31:00
496,2025-06-25 19:54:00,F9 -B5 B1080-20,"Cape Canaveral, SLC‑40",Starlink: Group 10-16,"~15,500 kg",LEO,SpaceX,Success,Success (JRTI),F9 -B5 B1080-20,2025-06-25,19:54:00
497,2025-06-28 04:26:00,F9 -B5 B1092-5,"Cape Canaveral, SLC‑40",Starlink: Group 10-34,"~15,500 kg",LEO,SpaceX,Success,Success (ASOG),F9 -B5 B1092-5,2025-06-28,04:26:00
498,2025-06-28 17:13:00,F9 -B5 B1088-8,"Vandenberg, SLC‑4E",Starlink: Group 15-7,"~14,950 kg",LEO,SpaceX,Success,Success (OCISLY),F9 -B5 B1088-8,2025-06-28,17:13:00
499,2025-07-01 21:04:00,F9 -B5 B1085-9,"Kennedy, LC‑39A",MTG-S1 / Sentinel-4A[140],"3,800 kg",GTO,EUMETSAT,Success,Success (JRTI),F9 -B5 B1085-9,2025-07-01,21:04:00
500,2025-07-02 06:28:00,F9 -B5 B1067-29,"Cape Canaveral, SLC‑40",Starlink: Group 10-25,"~15,500 kg",LEO,SpaceX,Success,Success (ASOG),F9 -B5 B1067-29,2025-07-02,06:28:00
501,2025-07-08 08:21:00,F9 -B5 B1077-22,"Cape Canaveral, SLC‑40",Starlink: Group 10-28,"~16,100 kg",LEO,SpaceX,Success,Success (ASOG),F9 -B5 B1077-22,2025-07-08,08:21:00
502,2025-07-13 05:04:00,F9 -B5 B1083-13,"Cape Canaveral, SLC‑40",Dror-1 [he],"4,000 kg",GTO,IAI,Success,Success (JRTI),F9 -B5 B1083-13,2025-07-13,05:04:00
503,2025-07-16 02:05:00,F9 -B5 B1093-4,"Vandenberg, SLC‑4E",Starlink: Group 15-2,"~14,950 kg",LEO,SpaceX,Success,Success (OCISLY),F9 -B5 B1093-4,2025-07-16,02:05:00
504,2025-07-16 06:30:00,F9 -B5 B1096-1,"Cape Canaveral, SLC‑40",KuiperSat × 24 (KF-01),"~14,784 kg",LEO,Amazon (Kuiper Systems),Success,Success (ASOG),F9 -B5 B1096-1,2025-07-16,06:30:00
505,2025-07-19 03:52:00,F9 -B5 B1082-14,"Vandenberg, SLC‑4E",Starlink: Group 17-3,"~17,500 kg",SSO,SpaceX,Success,Success (OCISLY),F9 -B5 B1082-14,2025-07-19,03:52:00
506,2025-07-22 21:12:00,F9 -B5 B1090-6,"Cape Canaveral, SLC‑40",O3b mPOWER 9 & 10,"3,400 kg",MEO,SES,Success,Success (JRTI),F9 -B5 B1090-6,2025-07-22,21:12:00
507,2025-07-23 18:13:00,F9 -B5 B1081-16,"Vandenberg, SLC‑4E",TRACERS (2 satellites)+ 5 rideshares,~920 kg,SSO,NASA,Success,Success (LZ‑4),F9 -B5 B1081-16,2025-07-23,18:13:00
508,2025-07-26 09:01:00,F9 -B5 B1078-22,"Cape Canaveral, SLC‑40",Starlink: Group 10-26,"~16,100 kg",LEO,SpaceX,Success,Success (ASOG),F9 -B5 B1078-22,2025-07-26,09:01:00
509,2025-07-27 04:31:00,F9 -B5 B1075-19,"Vandenberg, SLC‑4E",Starlink: Group 17-2,"~17,500 kg",SSO,SpaceX,Success,Success (OCISLY),F9 -B5 B1075-19,2025-07-27,04:31:00
510,2025-07-30 03:37:00,F9 -B5 B1069-26,"Cape Canaveral, SLC‑40",Starlink: Group 10-29,"~16,100 kg",LEO,SpaceX,Success,Success (JRTI),F9 -B5 B1069-26,2025-07-30,03:37:00
511,2025-07-31 18:35:00,F9 -B5 B1071-27,"Vandenberg, SLC‑4E",Starlink: Group 13-4 + 2 Starshield satellites[157],"~14,060 kg",SSO,SpaceX,Success,Success (OCISLY),F9 -B5 B1071-27,2025-07-31,18:35:00
512,2025-08-01 15:43:00,F9 -B5 B1094-3,"Kennedy, LC‑39A",Crew-11 (Crew Dragon C206-6 Endeavour),"~13,000 kg",LEO (ISS),NASA (CCP),Success,Success (LZ‑1),F9 -B5 B1094-3,2025-08-01,15:43:00
513,2025-08-04 07:57:00,F9 -B5 B1080-21,"Cape Canaveral, SLC‑40",Starlink: Group 10-30,"~16,100 kg",LEO,SpaceX,Success,Success (JRTI),F9 -B5 B1080-21,2025-08-04,07:57:00
514,2025-08-11 12:35:00,F9 -B5 B1091-1,"Cape Canaveral, SLC‑40",KuiperSat × 24 (KF-02),"~14,784 kg",LEO,Amazon (Kuiper Systems),Success,Success (ASOG),F9 -B5 B1091-1,2025-08-11,12:35:00
515,2025-08-14 05:05:00,F9 -B5 B1093-5,"Vandenberg, SLC‑4E",Starlink: Group 17-4,"~17,500 kg",SSO,SpaceX,Success,Success (OCISLY),F9 -B5 B1093-5,2025-08-14,05:05:00
516,2025-08-14 12:29:00,F9 -B5 B1085-10,"Cape Canaveral, SLC‑40",Starlink: Group 10-20,"~16,100 kg",LEO,SpaceX,Success,Success (JRTI),F9 -B5 B1085-10,2025-08-14,12:29:00
517,2025-08-18 16:26:00,F9 -B5 B1088-9,"Vandenberg, SLC‑4E",Starlink: Group 17-5,"~17,500 kg",SSO,SpaceX,Success,Success (OCISLY),F9 -B5 B1088-9,2025-08-18,16:26:00
518,2025-08-22 03:50:00,F9 -B5 B1092-6 [ 168 ],"Kennedy, LC‑39A",USSF-36 (Boeing X-37B OTV-8),"~4,990 kg",LEO,USSF,Success,Success (LZ‑2),F9 -B5 B1092-6 [ 168 ],2025-08-22,03:50:00
519,2025-08-22 17:04:00,F9 -B5 B1081-17,"Vandenberg, SLC‑4E",Starlink: Group 17-6,"~17,500 kg",SSO,SpaceX,Success,Success (OCISLY),F9 -B5 B1081-17,2025-08-22,17:04:00
520,2025-08-24 06:45:00,F9 -B5 B1090-7,"Cape Canaveral, SLC‑40",SpaceX CRS-33 (Dragon C211-3),"2,300 kg",LEO (ISS),NASA (CRS),Success,Success (ASOG),F9 -B5 B1090-7,2025-08-24,06:45:00
521,2025-08-26 18:53:00,F9 -B5 B1063-27,"Vandenberg, SLC‑4E",NAOS + 7 rideshares[174],"~1,370 kg",SSO,Luxembourg Armed Forces & others,Success,Success (LZ‑4),F9 -B5 B1063-27,2025-08-26,18:53:00
522,2025-08-27 11:10:00,F9 -B5 B1095-2,"Cape Canaveral, SLC‑40",Starlink: Group 10-56,"~16,100 kg",LEO,SpaceX,Success,Success (JRTI),F9 -B5 B1095-2,2025-08-27,11:10:00
523,2025-08-28 08:12:00,F9 -B5 B1067-30,"Kennedy, LC‑39A",Starlink: Group 10-11,"~16,100 kg",LEO,SpaceX,Success,Success (ASOG),F9 -B5 B1067-30,2025-08-28,08:12:00
524,2025-08-30 04:59:00,F9 -B5 B1082-15,"Vandenberg, SLC‑4E",Starlink: Group 17-7,"~17,500 kg",SSO,SpaceX,Success,Success (OCISLY),F9 -B5 B1082-15,2025-08-30,04:59:00
525,2025-08-31 11:49:00,F9 -B5 B1077-23,"Cape Canaveral, SLC‑40",Starlink: Group 10-14,"~16,100 kg",LEO,SpaceX,Success,Success (JRTI),F9 -B5 B1077-23,2025-08-31,11:49:00
526,2025-09-03 03:51:00,F9 -B5 B1097-1,"Vandenberg, SLC‑4E",Starlink: Group 17-8,"~17,500 kg",SSO,SpaceX,Success,Success (OCISLY),F9 -B5 B1097-1,2025-09-03,03:51:00
527,2025-09-03 11:56:00,F9 -B5 B1083-14,"Cape Canaveral, SLC‑40",Starlink: Group 10-22,"~16,100 kg",LEO,SpaceX,Success,Success (ASOG),F9 -B5 B1083-14,2025-09-03,11:56:00
528,2025-09-05 12:32:00,F9 -B5 B1069-27,"Kennedy, LC‑39A",Starlink: Group 10-57,"~16,100 kg",LEO,SpaceX,Success,Success (JRTI),F9 -B5 B1069-27,2025-09-05,12:32:00
529,2025-09-06 18:06:00,F9 -B5 B1075-20,"Vandenberg, SLC‑4E",Starlink: Group 17-9,"~17,500 kg",SSO,SpaceX,Success,Success (OCISLY),F9 -B5 B1075-20,2025-09-06,18:06:00
530,2025-09-10 14:12:00,F9 -B5 B1093-6,"Vandenberg, SLC‑4E",SDA Tranche 1 Transport Layer B (21 satellites),U,Polar LEO,SDA,Success,Success (OCISLY),F9 -B5 B1093-6,2025-09-10,14:12:00
531,2025-09-12 01:56:00,F9 -B5 B1078-23,"Cape Canaveral, SLC‑40",Nusantara Lima,"~7,800 kg",GTO,PT Pasifik Satelit Nusantara,Success,Success (ASOG),F9 -B5 B1078-23,2025-09-12,01:56:00
532,2025-09-13 17:55:00,F9 -B5 B1071-28,"Vandenberg, SLC‑4E",Starlink: Group 17-10,"~17,500 kg",SSO,SpaceX,Success,Success (OCISLY),F9 -B5 B1071-28,2025-09-13,17:55:00
533,2025-09-14 22:11:00,F9 -B5 B1094-4,"Cape Canaveral, SLC‑40","CRS NG-23 (S.S. William ""Willie"" C. McCool)","5,000 kg",LEO (ISS),Northrop Grumman (CRS),Success,Success (LZ‑2),F9 -B5 B1094-4,2025-09-14,22:11:00
534,2025-09-18 09:30:00,F9 -B5 B1092-7,"Cape Canaveral, SLC‑40",Starlink: Group 10-61,"~16,100 kg",LEO,SpaceX,Success,Success (JRTI),F9 -B5 B1092-7,2025-09-18,09:30:00
535,2025-09-19 16:31:00,F9 -B5 B1088-10,"Vandenberg, SLC‑4E",Starlink: Group 17-12,"~17,500 kg",SSO,SpaceX,Success,Success (OCISLY),F9 -B5 B1088-10,2025-09-19,16:31:00
536,2025-09-21 10:53:00,F9 -B5 B1085-11,"Cape Canaveral, SLC‑40",Starlink: Group 10-27,"~16,100 kg",LEO,SpaceX,Success,Success (ASOG),F9 -B5 B1085-11,2025-09-21,10:53:00
537,2025-09-22 17:38:00,F9 -B5 B1081-18,"Vandenberg, SLC‑4E",NROL-48 (8 Starshield satellites),U,LEO,NRO,Success,Success (LZ‑4),F9 -B5 B1081-18,2025-09-22,17:38:00
538,2025-09-24 11:30:00,F9 -B5 B1096-2,"Kennedy, LC‑39A",Interstellar Mapping and Acceleration Probe (IMAP)[197],"1,477 kg",Sun–Earth L1,NASA,Success,Success (JRTI),F9 -B5 B1096-2,2025-09-24,11:30:00
539,2025-09-25 08:39:00,F9 -B5 B1080-22,"Cape Canaveral, SLC‑40",Starlink: Group 10-15,"~16,100 kg",LEO,SpaceX,Success,Success (ASOG),F9 -B5 B1080-22,2025-09-25,08:39:00
540,2025-09-26 04:26:00,F9 -B5 B1082-16,"Vandenberg, SLC‑4E",Starlink: Group 17-11,"~17,500 kg",SSO,SpaceX,Success,Success (OCISLY),F9 -B5 B1082-16,2025-09-26,04:26:00
541,2025-09-29 02:04:00,F9 -B5 B1063-28,"Vandenberg, SLC‑4E",Starlink: Group 11-20,"~16,100 kg",LEO,SpaceX,Success,Success (OCISLY),F9 -B5 B1063-28,2025-09-29,02:04:00
542,2025-10-03 14:06:00,F9 -B5 B1097-2,"Vandenberg, SLC‑4E",Starlink: Group 11-39,"~16,100 kg",LEO,SpaceX,Success,Success (OCISLY),F9 -B5 B1097-2,2025-10-03,14:06:00
543,2025-10-07 06:46:00,F9 -B5 B1090-8,"Cape Canaveral, SLC‑40",Starlink: Group 10-59,"~16,100 kg",LEO,SpaceX,Success,Success (ASOG),F9 -B5 B1090-8,2025-10-07,06:46:00
544,2025-10-08 03:54:00,F9 -B5 B1071-29,"Vandenberg, SLC‑4E",Starlink: Group 11-17,"~16,100 kg",LEO,SpaceX,Success,Success (OCISLY),F9 -B5 B1071-29,2025-10-08,03:54:00
545,2025-10-14 01:58:00,F9 -B5 B1091-2,"Cape Canaveral, SLC‑40",KuiperSat × 24 (KF-03),"~14,784 kg",LEO,Amazon (Kuiper Systems),Success,Success (ASOG),F9 -B5 B1091-2,2025-10-14,01:58:00
546,2025-10-15 23:06:00,F9 -B5 B1093-7,"Vandenberg, SLC‑4E",SDA Tranche 1 Transport Layer C (21 satellites),U,Polar LEO,SDA,Success,Success (OCISLY),F9 -B5 B1093-7,2025-10-15,23:06:00
547,2025-10-16 09:27:00,F9 -B5 B1095-3,"Cape Canaveral, SLC‑40",Starlink: Group 10-52,"~16,100 kg",LEO,SpaceX,Success,Success (JRTI),F9 -B5 B1095-3,2025-10-16,09:27:00
548,2025-10-19 17:39:00,F9 -B5 B1067-31,"Cape Canaveral, SLC‑40",Starlink: Group 10-17,"~16,100 kg",LEO,SpaceX,Success,Success (ASOG),F9 -B5 B1067-31,2025-10-19,17:39:00
549,2025-10-19 19:24:00,F9 -B5 B1088-11,"Vandenberg, SLC‑4E",Starlink: Group 11-19,"~16,100 kg",LEO,SpaceX,Success,Success (OCISLY),F9 -B5 B1088-11,2025-10-19,19:24:00
550,2025-10-22 14:16:00,F9 -B5 B1075-21,"Vandenberg, SLC‑4E",Starlink: Group 11-5,"~16,100 kg",LEO,SpaceX,Success,Success (OCISLY),F9 -B5 B1075-21,2025-10-22,14:16:00
551,2025-10-24 01:30:00,F9 -B5 B1076-22,"Cape Canaveral, SLC‑40",Spainsat NG II,"6,100 kg",GTO,Hisdesat,Success,No attempt,F9 -B5 B1076-22,2025-10-24,01:30:00
552,2025-10-25 14:20:00,F9 -B5 B1081-19,"Vandenberg, SLC‑4E",Starlink: Group 11-12,"~16,100 kg",LEO,SpaceX,Success,Success (OCISLY),F9 -B5 B1081-19,2025-10-25,14:20:00
553,2025-10-26 15:00:00,F9 -B5 B1077-24,"Cape Canaveral, SLC‑40",Starlink: Group 10-21,"~16,100 kg",LEO,SpaceX,Success,Success (ASOG),F9 -B5 B1077-24,2025-10-26,15:00:00
554,2025-10-28 00:43:00,F9 -B5 B1082-17,"Vandenberg, SLC‑4E",Starlink: Group 11-21,"~16,100 kg",LEO,SpaceX,Success,Success (OCISLY),F9 -B5 B1082-17,2025-10-28,00:43:00
555,2025-10-29 16:35:00,F9 -B5 B1083-15,"Cape Canaveral, SLC‑40",Starlink: Group 10-37,"~16,675 kg",LEO,SpaceX,Success,Success (JRTI),F9 -B5 B1083-15,2025-10-29,16:35:00
556,2025-10-31 20:41:00,F9 -B5 B1063-29,"Vandenberg, SLC‑4E",Starlink: Group 11-23,"~16,100 kg",LEO,SpaceX,Success,Success (OCISLY),F9 -B5 B1063-29,2025-10-31,20:41:00
557,2025-11-02 05:09:00,F9 -B5 B1091-3,"Cape Canaveral, SLC‑40",Bandwagon-4 (18 payloads smallsat rideshare)[80][219],U,LEO,Various,Success,Success (LZ‑2),F9 -B5 B1091-3,2025-11-02,05:09:00
558,2025-11-06 01:31:00,F9 -B5 B1094-5,"Cape Canaveral, SLC‑40",Starlink: Group 6-81,"~16,675 kg",LEO,SpaceX,Success,Success (JRTI),F9 -B5 B1094-5,2025-11-06,01:31:00
559,2025-11-06 21:13:00,F9 -B5 B1093-8,"Vandenberg, SLC‑4E",Starlink: Group 11-14,"~16,100 kg",LEO,SpaceX,Success,Success (OCISLY),F9 -B5 B1093-8,2025-11-06,21:13:00
560,2025-11-09 08:10:00,F9 -B5 B1069-28,"Kennedy, LC‑39A",Starlink: Group 10-51,"~16,675 kg",LEO,SpaceX,Success,Success (ASOG),F9 -B5 B1069-28,2025-11-09,08:10:00
561,2025-11-11 03:21:00,F9 -B5 B1096-3,"Cape Canaveral, SLC‑40",Starlink: Group 6-87,"~16,675 kg",LEO,SpaceX,Success,Success (JRTI),F9 -B5 B1096-3,2025-11-11,03:21:00
562,2025-11-15 03:08:00,F9 -B5 B1092-8,"Kennedy, LC‑39A",Starlink: Group 6-89,"~16,675 kg",LEO,SpaceX,Success,Success (ASOG),F9 -B5 B1092-8,2025-11-15,03:08:00
563,2025-11-15 06:44:00,F9 -B5 B1078-24,"Cape Canaveral, SLC‑40",Starlink: Group 6-85,"~16,675 kg",LEO,SpaceX,Success,Success (JRTI),F9 -B5 B1078-24,2025-11-15,06:44:00
564,2025-11-17 05:21:00,F9 -B5 B1097-3,"Vandenberg, SLC‑4E",Sentinel-6B[227],"1,440 kg",LEO,NASA / NOAA / EUMETSAT / ESA,Success,Success (LZ‑4),F9 -B5 B1097-3,2025-11-17,05:21:00
565,2025-11-19 00:12:00,F9 -B5 B1085-12,"Cape Canaveral, SLC‑40",Starlink: Group 6-94,"~16,675 kg",LEO,SpaceX,Success,Success (ASOG),F9 -B5 B1085-12,2025-11-19,00:12:00
566,2025-11-21 03:39:00,F9 -B5 B1080-23,"Kennedy, LC‑39A",Starlink: Group 6-78,"~16,675 kg",LEO,SpaceX,Success,Success (JRTI),F9 -B5 B1080-23,2025-11-21,03:39:00
567,2025-11-22 07:53:00,F9 -B5 B1090-9,"Cape Canaveral, SLC‑40",Starlink: Group 6-79,"~16,675 kg",LEO,SpaceX,Success,Success (ASOG),F9 -B5 B1090-9,2025-11-22,07:53:00
568,2025-11-23 08:48:00,F9 -B5 B1100-1,"Vandenberg, SLC‑4E",Starlink: Group 11-30,"~16,100 kg",LEO,SpaceX,Success,Success (OCISLY),F9 -B5 B1100-1,2025-11-23,08:48:00
569,2025-11-28 18:44:00,F9 -B5 B1071-30,"Vandenberg, SLC‑4E",Transporter-15 (140 payloads smallsat rideshare)[80],U,SSO,Various,Success,Success (OCISLY),F9 -B5 B1071-30,2025-11-28,18:44:00
570,2025-12-01 07:44:00,F9 -B5 B1095-4,"Kennedy, LC‑39A",Starlink: Group 6-86,"~16,675 kg",LEO,SpaceX,Success,Success (JRTI),F9 -B5 B1095-4,2025-12-01,07:44:00
571,2025-12-02 05:28:00,F9 -B5 B1081-20,"Vandenberg, SLC‑4E",Starlink: Group 15-10,"~15,525 kg",LEO,SpaceX,Success,Success (OCISLY),F9 -B5 B1081-20,2025-12-02,05:28:00
572,2025-12-02 22:18:00,F9 -B5 B1077-25,"Cape Canaveral, SLC‑40",Starlink: Group 6-95,"~16,675 kg",LEO,SpaceX,Success,Success (ASOG),F9 -B5 B1077-25,2025-12-02,22:18:00
573,2025-12-04 20:42:00,F9 -B5 B1097-4,"Vandenberg, SLC‑4E",Starlink: Group 11-25,"~16,100 kg",LEO,SpaceX,Success,Success (OCISLY),F9 -B5 B1097-4,2025-12-04,20:42:00
574,2025-12-07 17:58:00,F9 -B5 B1088-12,"Vandenberg, SLC‑4E",Starlink: Group 11-15,"~16,100 kg",LEO,SpaceX,Success,Success (OCISLY),F9 -B5 B1088-12,2025-12-07,17:58:00
575,2025-12-08 22:26:00,F9 -B5 B1067-32,"Kennedy, LC‑39A",Starlink: Group 6-92,"~16,675 kg",LEO,SpaceX,Success,Success (ASOG),F9 -B5 B1067-32,2025-12-08,22:26:00
576,2025-12-09 19:16:00,F9 -B5 B1096-4,"Cape Canaveral, SLC‑40",NROL-77[241][242],U,LEO,NRO,Success,Success (LZ‑2),F9 -B5 B1096-4,2025-12-09,19:16:00
577,2025-12-10 11:40:00,F9 -B5 B1082-18,"Vandenberg, SLC‑4E",Starlink: Group 15-11,"~15,525 kg",LEO,SpaceX,Success,Success (OCISLY),F9 -B5 B1082-18,2025-12-10,11:40:00
578,2025-12-11 22:01:00,F9 -B5 B1083-16,"Cape Canaveral, SLC‑40",Starlink: Group 6-90,"~16,675 kg",LEO,SpaceX,Success,Success (JRTI),F9 -B5 B1083-16,2025-12-11,22:01:00
579,2025-12-14 05:49:00,F9 -B5 B1093-9,"Vandenberg, SLC‑4E",Starlink: Group 15-12,"~15,525 kg",LEO,SpaceX,Success,Success (OCISLY),F9 -B5 B1093-9,2025-12-14,05:49:00
580,2025-12-15 05:25:00,F9 -B5 B1092-9,"Cape Canaveral, SLC‑40",Starlink: Group 6-82,"~16,675 kg",LEO,SpaceX,Success,Success (ASOG),F9 -B5 B1092-9,2025-12-15,05:25:00
581,2025-12-17 13:42:00,F9 -B5 B1094-6,"Kennedy, LC‑39A",Starlink: Group 6-99,"~16,675 kg",LEO,SpaceX,Success,Success (JRTI),F9 -B5 B1094-6,2025-12-17,13:42:00
582,2025-12-17 15:27:00,F9 -B5 B1063-30,"Vandenberg, SLC‑4E",Starlink: Group 15-13,"~15,525 kg",LEO,SpaceX,Success,Success (OCISLY),F9 -B5 B1063-30,2025-12-17,15:27:00
583,2026-01-03 02:09:00,F9 -B5 B1081-21,"Vandenberg, SLC‑4E",CSG-3,"2,230 kg",SSO,ASI,Success,Success (LZ‑4),F9 -B5 B1081-21,2026-01-03,02:09:00
584,2026-01-04 06:48:00,F9 -B5 B1101-1,"Cape Canaveral, SLC‑40",Starlink: Group 6-88,"~16,675 kg",LEO,SpaceX,Success,Success (JRTI),F9 -B5 B1101-1,2026-01-04,06:48:00
585,2026-01-09 21:41:00,F9 -B5 B1069-29,"Cape Canaveral, SLC‑40",Starlink: Group 6-96,"~16,675 kg",LEO,SpaceX,Success,Success (ASOG),F9 -B5 B1069-29,2026-01-09,21:41:00
586,2026-01-11 13:44:00,F9 -B5 B1097-5,"Vandenberg, SLC‑4E",Twilight (Pandora and others 39 payloads),325 kg,SSO,NASA & Various,Success,Success (LZ‑4),F9 -B5 B1097-5,2026-01-11,13:44:00
587,2026-01-12 21:08:00,F9 -B5 B1078-25,"Cape Canaveral, SLC‑40",Starlink: Group 6-97,"~16,675 kg",LEO,SpaceX,Success,Success (JRTI),F9 -B5 B1078-25,2026-01-12,21:08:00
588,2026-01-14 18:08:00,F9 -B5 B1085-13,"Cape Canaveral, SLC‑40",Starlink: Group 6-98,"~16,675 kg",LEO,SpaceX,Success,Success (ASOG),F9 -B5 B1085-13,2026-01-14,18:08:00
589,2026-01-17 04:39:00,F9 -B5 B1100-2,"Vandenberg, SLC‑4E",NROL-105 (9 Starshield satellites),U,LEO,NRO,Success,Success (LZ‑4),F9 -B5 B1100-2,2026-01-17,04:39:00
590,2026-01-18 23:31:00,F9 -B5 B1080-24,"Cape Canaveral, SLC‑40",Starlink: Group 6-100,"~16,675 kg",LEO,SpaceX,Success,Success (ASOG),F9 -B5 B1080-24,2026-01-18,23:31:00
591,2026-01-22 05:47:00,F9 -B5 B1093-10,"Vandenberg, SLC‑4E",Starlink: Group 17-30,"~14,375 kg",SSO,SpaceX,Success,Success (OCISLY),F9 -B5 B1093-10,2026-01-22,05:47:00
592,2026-01-25 17:30:00,F9 -B5 B1097-6,"Vandenberg, SLC‑4E",Starlink: Group 17-20,"~14,375 kg",SSO,SpaceX,Success,Success (OCISLY),F9 -B5 B1097-6,2026-01-25,17:30:00
593,2026-01-28 04:53:00,F9 -B5 B1096-5,"Cape Canaveral, SLC‑40",GPS III-9,"4,350 kg",MEO,USSF,Success,Success (ASOG),F9 -B5 B1096-5,2026-01-28,04:53:00
594,2026-01-29 17:53:00,F9 -B5 B1082-19,"Vandenberg, SLC‑4E",Starlink: Group 17-19,"~14,375 kg",SSO,SpaceX,Success,Success (OCISLY),F9 -B5 B1082-19,2026-01-29,17:53:00
595,2026-01-30 07:22:00,F9 -B5 B1095-5,"Cape Canaveral, SLC‑40",Starlink: Group 6-101,"~16,675 kg",LEO,SpaceX,Success,Success (JRTI),F9 -B5 B1095-5,2026-01-30,07:22:00
596,2026-02-02 15:47:00,F9 -B5 B1071-31,"Vandenberg, SLC‑4E",Starlink: Group 17-32,"~14,375 kg",SSO,SpaceX,Success,Success (OCISLY),F9 -B5 B1071-31,2026-02-02,15:47:00
597,2026-02-07 20:58:00,F9 -B5 B1088-13,"Vandenberg, SLC‑4E",Starlink: Group 17-33,"~14,375 kg",SSO,SpaceX,Success,Success (OCISLY),F9 -B5 B1088-13,2026-02-07,20:58:00
598,2026-02-11 17:11:00,F9 -B5 B1100-3,"Vandenberg, SLC‑4E",Starlink: Group 17-34,"~13,800 kg",SSO,SpaceX,Success,Success (OCISLY),F9 -B5 B1100-3,2026-02-11,17:11:00
599,2026-02-13 10:15:00,F9 -B5 B1101-2,"Cape Canaveral, SLC‑40",Crew-12 (Crew Dragon C212-5 Freedom),"~13,000 kg",LEO (ISS),NASA (CTS),Success,Success (LZ‑40),F9 -B5 B1101-2,2026-02-13,10:15:00
600,2026-02-15 01:59:00,F9 -B5 B1081-22,"Vandenberg, SLC‑4E",Starlink: Group 17-13,"~13,800 kg",SSO,SpaceX,Success,Success (OCISLY),F9 -B5 B1081-22,2026-02-15,01:59:00
601,2026-02-16 07:59:00,F9 -B5 B1090-10,"Cape Canaveral, SLC‑40",Starlink: Group 6-103,"~16,675 kg",LEO,SpaceX,Success,Success (ASOG),F9 -B5 B1090-10,2026-02-16,07:59:00
602,2026-02-20 01:41:00,F9 -B5 B1077-26,"Cape Canaveral, SLC‑40",Starlink: Group 10-36,"~16,675 kg",LEO,SpaceX,Success,Success (JRTI),F9 -B5 B1077-26,2026-02-20,01:41:00
603,2026-02-21 09:04:00,F9 -B5 B1063-31,"Vandenberg, SLC‑4E",Starlink: Group 17-25,"~14,375 kg",SSO,SpaceX,Success,Success (OCISLY),F9 -B5 B1063-31,2026-02-21,09:04:00
604,2026-02-22 03:47:00,F9 -B5 B1067-33,"Cape Canaveral, SLC‑40",Starlink: Group 6-104,"~16,100 kg",LEO,SpaceX,Success,Success (ASOG),F9 -B5 B1067-33,2026-02-22,03:47:00
605,2026-02-24 23:04:00,F9 -B5 B1092-10,"Cape Canaveral, SLC‑40",Starlink: Group 6-110,"~16,675 kg",LEO,SpaceX,Success,Success (JRTI),F9 -B5 B1092-10,2026-02-24,23:04:00
606,2026-02-25 14:17:00,F9 -B5 B1093-11,"Vandenberg, SLC‑4E",Starlink: Group 17-26,"~14,375 kg",SSO,SpaceX,Success,Success (OCISLY),F9 -B5 B1093-11,2026-02-25,14:17:00
607,2026-02-27 12:16:00,F9 -B5 B1069-30,"Cape Canaveral, SLC‑40",Starlink: Group 6-108,"~16,675 kg",LEO,SpaceX,Success,Success (ASOG),F9 -B5 B1069-30,2026-02-27,12:16:00
608,2026-03-01 10:10:00,F9 -B5 B1082-20,"Vandenberg, SLC‑4E",Starlink: Group 17-23,"~14,375 kg",SSO,SpaceX,Success,Success (OCISLY),F9 -B5 B1082-20,2026-03-01,10:10:00
609,2026-03-02 02:56:00,F9 -B5 B1078-26,"Cape Canaveral, SLC‑40",Starlink: Group 10-41,"~16,675 kg",LEO,SpaceX,Success,Success (JRTI),F9 -B5 B1078-26,2026-03-02,02:56:00
610,2026-03-04 10:52:00,F9 -B5 B1080-25,"Cape Canaveral, SLC‑40",Starlink: Group 10-40,"~16,675 kg",LEO,SpaceX,Success,Success (ASOG),F9 -B5 B1080-25,2026-03-04,10:52:00
611,2026-03-08 11:00:00,F9 -B5 B1097-7,"Vandenberg, SLC‑4E",Starlink: Group 17-18,"~14,375 kg",SSO,SpaceX,Success,Success (OCISLY),F9 -B5 B1097-7,2026-03-08,11:00:00
612,2026-03-10 04:19:00,F9 -B5 B1085-14,"Cape Canaveral, SLC‑40",EchoStar XXV,"6,800 kg",GTO,EchoStar,Success,Success (ASOG),F9 -B5 B1085-14,2026-03-10,04:19:00
613,2026-03-13 14:57:00,F9 -B5 B1071-32,"Vandenberg, SLC‑4E",Starlink: Group 17-31,"~14,375 kg",SSO,SpaceX,Success,Success (OCISLY),F9 -B5 B1071-32,2026-03-13,14:57:00
614,2026-03-14 12:37:00,F9 -B5 B1095-6,"Cape Canaveral, SLC‑40",Starlink: Group 10-48,"~16,675 kg",LEO,SpaceX,Success,Success (JRTI),F9 -B5 B1095-6,2026-03-14,12:37:00
615,2026-03-17 05:19:00,F9 -B5 B1088-14,"Vandenberg, SLC‑4E",Starlink: Group 17-24,"~14,375 kg",SSO,SpaceX,Success,Success (OCISLY),F9 -B5 B1088-14,2026-03-17,05:19:00
616,2026-03-17 13:27:00,F9 -B5 B1090-11,"Cape Canaveral, SLC‑40",Starlink: Group 10-46,"~16,675 kg",LEO,SpaceX,Success,Success (ASOG),F9 -B5 B1090-11,2026-03-17,13:27:00
617,2026-03-19 14:20:00,F9 -B5 B1077-27,"Cape Canaveral, SLC‑40",Starlink: Group 10-33,"~16,675 kg",LEO,SpaceX,Success,Success (JRTI),F9 -B5 B1077-27,2026-03-19,14:20:00
618,2026-03-20 21:51:00,F9 -B5 B1100-4,"Vandenberg, SLC‑4E",Starlink: Group 17-15,"~14,375 kg",SSO,SpaceX,Success,Success (OCISLY),F9 -B5 B1100-4,2026-03-20,21:51:00
619,2026-03-22 14:47:00,F9 -B5 B1078-27,"Cape Canaveral, SLC‑40",Starlink: Group 10-62,"~16,675 kg",LEO,SpaceX,Success,Success (ASOG),F9 -B5 B1078-27,2026-03-22,14:47:00
620,2026-03-26 23:03:00,F9 -B5 B1081-23,"Vandenberg, SLC‑4E",Starlink: Group 17-17,"~14,375 kg",SSO,SpaceX,Success,Success (OCISLY),F9 -B5 B1081-23,2026-03-26,23:03:00
621,2026-03-30 11:02:00,F9 -B5 B1093-12,"Vandenberg, SLC‑4E",Transporter-16 (119 payloads smallsat rideshare)[80],U,SSO,Various,Success,Success (OCISLY),F9 -B5 B1093-12,2026-03-30,11:02:00
622,2026-03-30 21:15:00,F9 -B5 B1067-34,"Cape Canaveral, SLC‑40",Starlink: Group 10-44,"~16,675 kg",LEO,SpaceX,Success,Success (JRTI),F9 -B5 B1067-34,2026-03-30,21:15:00
623,2026-04-02 11:55:00,F9 -B5 B1085-15,"Cape Canaveral, SLC‑40",Starlink: Group 10-58,"~16,675 kg",LEO,SpaceX,Success,Success (ASOG),F9 -B5 B1085-15,2026-04-02,11:55:00
624,2026-04-07 02:50:00,F9 -B5 B1103-1,"Vandenberg, SLC‑4E",Starlink: Group 17-35,"~14,375 kg",SSO,SpaceX,Success,Success (OCISLY),F9 -B5 B1103-1,2026-04-07,02:50:00
625,2026-04-11 05:04:00,F9 -B5 B1063-32,"Vandenberg, SLC‑4E",Starlink: Group 17-21,"~14,375 kg",SSO,SpaceX,Success,Success (OCISLY),F9 -B5 B1063-32,2026-04-11,05:04:00
626,2026-04-11 11:41:00,F9 -B5 B1094-7,"Cape Canaveral, SLC‑40",Cygnus NG-24,"5,000 kg",LEO (ISS),Northrop Grumman (CRS),Success,Success (LZ‑40),F9 -B5 B1094-7,2026-04-11,11:41:00
627,2026-04-14 09:33:00,F9 -B5 B1080-26,"Cape Canaveral, SLC‑40",Starlink: Group 10-24,"~16,675 kg",LEO,SpaceX,Success,Success (JRTI),F9 -B5 B1080-26,2026-04-14,09:33:00
628,2026-04-15 04:29:00,F9 -B5 B1082-21,"Vandenberg, SLC‑4E",Starlink: Group 17-27,"~14,375 kg",SSO,SpaceX,Success,Success (OCISLY),F9 -B5 B1082-21,2026-04-15,04:29:00
629,2026-04-19 16:03:00,F9 -B5 B1097-8,"Vandenberg, SLC‑4E",Starlink: Group 17-22,"~14,375 kg",LEO,SpaceX,Success,Success (OCISLY),F9 -B5 B1097-8,2026-04-19,16:03:00
630,2026-04-21 06:53:00,F9 -B5 B1095-7,"Cape Canaveral, SLC‑40",GPS III-10,"4,350 kg",MEO,USSF,Success,Success (JRTI),F9 -B5 B1095-7,2026-04-21,06:53:00
631,2026-04-23 03:23:00,F9 -B5 B1100-5,"Vandenberg, SLC‑4E",Starlink: Group 17-14,"~13,800 kg",SSO,SpaceX,Success,Success (OCISLY),F9 -B5 B1100-5,2026-04-23,03:23:00
632,2026-04-26 14:37:00,F9 -B5 B1088-15,"Vandenberg, SLC‑4E",Starlink: Group 17-16,"~14,375 kg",SSO,SpaceX,Success,Success (OCISLY),F9 -B5 B1088-15,2026-04-26,14:37:00
FH 12,2026-04-29 14:13:00,Falcon Heavy  B5 B1098 -(core),"Kennedy, LC‑39A",ViaSat-3 F3,"6,400 kg",GTO,ViaSat,Success,No attempt,Falcon Heavy  B5 B1098 -(core),2026-04-29,14:13:00
633,2026-04-30 02:42:00,F9 -B5 B1093-13,"Vandenberg, SLC‑4E",Starlink: Group 17-36,"~13,800 kg",SSO,SpaceX,Success,Success (OCISLY),F9 -B5 B1093-13,2026-04-30,02:42:00
634,2026-05-01 18:06:00,F9 -B5 B1069-31,"Cape Canaveral, SLC‑40",Starlink: Group 10-38,"~16,675 kg",LEO,SpaceX,Success,Success (ASOG),F9 -B5 B1069-31,2026-05-01,18:06:00
635,2026-05-03 07:00:00,F9 -B5 B1071-33,"Vandenberg, SLC‑4E",CAS500-245 Rideshares,500 kg,SSO,Korea Aerospace Industries & Others,Success,Success (LZ‑4),F9 -B5 B1071-33,2026-05-03,07:00:00
636,2026-05-06 03:59:00,F9 -B5 B1081-24,"Vandenberg, SLC‑4E",Starlink: Group 17-29,"~13,800 kg",SSO,SpaceX,Success,Success (OCISLY),F9 -B5 B1081-24,2026-05-06,03:59:00
637,2026-05-12 02:13:00,F9 -B5 B1097-9,"Vandenberg, SLC‑4E",NROL-172 (22 Starshield satellites),U,LEO,NRO,Success,Success (OCISLY),F9 -B5 B1097-9,2026-05-12,02:13:00
638,2026-05-15 22:05:00,F9 -B5 B1096-6,"Cape Canaveral, SLC‑40",SpaceX CRS-34 (Cargo Dragon C209-6),"2,948 kg",LEO (ISS),NASA (CRS),Success,Success (LZ‑40),F9 -B5 B1096-6,2026-05-15,22:05:00
639,2026-05-20 02:46:00,F9 -B5 B1103-2,"Vandenberg, SLC‑4E",Starlink: Group 17-42,"~13,800 kg",SSO,SpaceX,Success,Success (OCISLY),F9 -B5 B1103-2,2026-05-20,02:46:00
640,2026-05-21 10:04:00,F9 -B5 B1077-28,"Cape Canaveral, SLC‑40",Starlink: Group 10-31,"~16,675 kg",LEO,SpaceX,Success,Success (ASOG),F9 -B5 B1077-28,2026-05-21,10:04:00
641,2026-05-25 11:48:00,F9 -B5 B1078-28,"Cape Canaveral, SLC‑40",Starlink: Group 10-47,"~16,675 kg",LEO,SpaceX,Success,Success (ASOG),F9 -B5 B1078-28,2026-05-25,11:48:00
642,2026-05-26 14:50:00,F9 -B5 B1100-6,"Vandenberg, SLC‑4E",Starlink: Group 17-37,"~13,800 kg",SSO,SpaceX,Success,Success (OCISLY),F9 -B5 B1100-6,2026-05-26,14:50:00
643,2026-05-29 12:57:00,F9 -B5 B1085-16,"Cape Canaveral, SLC‑40",Starlink: Group 10-53,"~16,675 kg",LEO,SpaceX,Success,Success (ASOG),F9 -B5 B1085-16,2026-05-29,12:57:00
644,2026-05-30 15:25:00,F9 -B5 B1082-22,"Vandenberg, SLC‑4E",Starlink: Group 17-41,"~13,800 kg",SSO,SpaceX,Success,Success (OCISLY),F9 -B5 B1082-22,2026-05-30,15:25:00
645,2026-06-03 15:40:00,F9 -B5 B1088-16,"Vandenberg, SLC‑4E",Starlink: Group 17-47,"~13,800 kg",SSO,SpaceX,Success,Success (OCISLY),F9 -B5 B1088-16,2026-06-03,15:40:00
646,2026-06-04 10:26:00,F9 -B5 B1090-12,"Cape Canaveral, SLC‑40",Starlink: Group 10-43,"~16,675 kg",LEO,SpaceX,Success,Success (ASOG),F9 -B5 B1090-12,2026-06-04,10:26:00
647,2026-06-07 04:24:00,F9 -B5 B1097-10,"Vandenberg, SLC‑4E",Starlink: Group 17-43 + 2 Starshield satellites,"~12,075 kg",SSO,SpaceX,Success,Success (OCISLY),F9 -B5 B1097-10,2026-06-07,04:24:00
648,2026-06-08 10:13:00,F9 -B5 B1067-35,"Cape Canaveral, SLC‑40",Starlink: Group 10-35,"~16,675 kg",LEO,SpaceX,Success,Success (ASOG),F9 -B5 B1067-35,2026-06-08,10:13:00
649,2026-06-11 15:05:00,F9 -B5 B1071-34,"Vandenberg, SLC‑4E",Starlink: Group 17-44,"~13,800 kg",SSO,SpaceX,Success,Success (OCISLY),F9 -B5 B1071-34,2026-06-11,15:05:00
650,2026-06-12 12:37:00,F9 -B5 B1080-27,"Cape Canaveral, SLC‑40",Starlink: Group 10-54,"~16,675 kg",LEO,SpaceX,Success,Success (ASOG),F9 -B5 B1080-27,2026-06-12,12:37:00
651,2026-06-15 15:34:00,F9 -B5 B1093-14,"Vandenberg, SLC‑4E",Starlink: Group 17-54,"~13,800 kg",SSO,SpaceX,Success,Success (OCISLY),F9 -B5 B1093-14,2026-06-15,15:34:00
652,2026-06-17 06:39:00,F9 -B5 B1077-29,"Cape Canaveral, SLC‑40","BlueBird Block 2 FM3-5 (3 Satellites, BlueBird 8 to 10)","~13,500 kg",LEO,AST SpaceMobile,Success,Success (ASOG),F9 -B5 B1077-29,2026-06-17,06:39:00
653,2026-06-19 08:50:00,F9 -B5 B1103-3,"Vandenberg, SLC‑4E",NROL-179 (9 Starshield satellites),C,LEO,NRO,Success,Success (LZ‑4),F9 -B5 B1103-3,2026-06-19,08:50:00
654,2026-06-21 16:39:00,F9 -B5 B1063-33,"Vandenberg, SLC‑4E",Starlink: Group 17-28,"~13,800 kg",SSO,SpaceX,Success,Success (OCISLY),F9 -B5 B1063-33,2026-06-21,16:39:00
655,2026-06-23 10:53:00,F9 -B5 B1078-29,"Cape Canaveral, SLC‑40",SpaceX Starfall,U,LEO,SpaceX,Success,Success (ASOG),F9 -B5 B1078-29,2026-06-23,10:53:00
656,2026-06-25 03:30:00,F9 -B5 B1081-25,"Vandenberg, SLC‑4E",Starlink: Group 17-45,"~13,800 kg",SSO,SpaceX,Success,Success (OCISLY),F9 -B5 B1081-25,2026-06-25,03:30:00
657,2026-06-28 16:09:00,F9 -B5 B1088-17,"Vandenberg, SLC‑4E",Starlink: Group 17-40,"~13,800 kg",SSO,SpaceX,Success,Success (OCISLY),F9 -B5 B1088-17,2026-06-28,16:09:00
658,2026-06-29 02:25:00,F9 -B5 B1085-17,"Cape Canaveral, SLC‑40",SXM-11,"7,000 kg",GTO,SiriusXM,Success,Success (ASOG),F9 -B5 B1085-17,2026-06-29,02:25:00
659,2026-07-02 02:58:00,F9 -B5 B1100-7,"Vandenberg, SLC‑4E",Starlink: Group 17-46,"~13,800 kg",SSO,SpaceX,Success,Success (OCISLY),F9 -B5 B1100-7,2026-07-02,02:58:00
660,2026-07-05 10:50:00,F9 -B5 B1090-13,"Cape Canaveral, SLC‑40",Starlink: Group 10-50,"~16,675 kg",LEO,SpaceX,Success,Success (ASOG),F9 -B5 B1090-13,2026-07-05,10:50:00
661,2026-07-07 07:12:00,F9 -B5 B1097-11,"Vandenberg, SLC‑4E",Transporter-17 (81 payloads smallsat rideshare)[80],U,SSO,Various,Success,Success (OCISLY),F9 -B5 B1097-11,2026-07-07,07:12:00
